id,post_title,word2vec
78,JavaScript对Select的子元素Option的操作,"[-0.14885659051629213,0.08821403505280614,0.1431138943307675,0.19326831835966846,-0.005973554058716848]"
83,当用header方法输出内容时出现“Cannot modify header information - headers already sent by”的解决方法,"[0.0031528335927826605,-0.12577329448810437,0.238294109543104,-0.015746686289586673,0.050099511173690055]"
85,linux下禁止机箱蜂鸣方法,"[-0.034088521454991264,-0.11282251103892288,0.24055278800766577,-0.06703752638581632,0.06501111843813719]"
87,硬盘分区表丢失、修复大事记--分区表修复利器testdisk,"[-0.0936333967572984,-0.14972407103434288,0.2054558451013041,-0.09017776903008101,0.015179219212418852]"
91,vi编辑器命令,"[-0.05896361769986776,-0.1979471405595129,0.2703495010511076,-0.05721079099169248,0.20943420602264196]"
94,搜索关键词高亮显示,"[-0.11533778194404606,-0.017067432450130583,0.2256964878179133,-0.047839279605873995,0.05219113104311483]"
97,PHP IE下载时提示”无法复制 无法读取源文件或磁盘”的解决办法,"[-0.03349058120751504,-0.05837745729056139,0.16942858247364842,-0.06320139374007884,-0.006887654490653694]"
99,PHP中文乱码解决,"[-0.024100321163452648,0.14046190366582395,0.1179859549679893,0.09146177787203767,-0.00484012523204756]"
103,文件下载代码-来自PBDigg,"[0.010668657799592106,0.37482725809578127,-0.09012823610952715,0.28830140412972516,-0.14427240778516023]"
105,PHP安全笔记,"[-0.053212692082052176,0.02478521325036868,0.22408448079293072,0.024146384100687233,0.12224077474020457]"
107,PHP输出Excel实例代码,"[-0.11771527350835591,0.28441102233419785,-0.13053985045118602,0.3676387939077919,0.273001638414829]"
109,java环境变量配置,"[0.10330186019707675,-0.17389437340643515,0.2868101559953261,-0.07084747740189905,0.11449585611448473]"
111,AJAX中文乱码PHP完美解决(IE和Firefox兼容),"[-0.03993875270424755,-0.11532262548549606,0.2120245550958884,-0.05344069825582726,0.026562880405696765]"
113,phpmyadmin无法加载mcrypt的解决方法,"[-0.08870227202359172,-0.14235565372742712,0.35417358614193895,-0.14423793103752866,0.08075617216993124]"
115,删除记录之前-切记要检查是不是存在该记录,"[-0.12408699975440315,-0.1566962055478464,0.2769916251429594,-0.04934575237041595,0.08602407782831613]"
117,项目经历2-电子台账系统,"[-0.06682426275746932,-0.1654730854063945,0.2056843534931277,-0.13356130319303736,-0.001256305321321805]"
119,日期选择控件-date_input,"[0.00942362084568135,0.25587775477355246,0.009047625243271651,0.08889399905149874,0.038859167148506166]"
122,PHP只下载不打开文件,"[0.0016998124393549831,-0.024727817167612638,0.22812053489527015,-0.07061546392682376,0.027077595078188813]"
124,Javascript trim()函数实现,"[-0.12625825020626913,0.07537802025261853,0.124842229200941,0.18570586384739726,-0.01862576917046681]"
126,PHP获取IP的多种方式解析,"[0.01015017418255813,0.4930692949145491,0.1895609145678125,-0.22423603734594422,0.10844210322153061]"
128,PHP删除无限分类并同时删除它下面的所有子分类的方法,"[-0.16500290403974816,0.2809068350334394,0.254333551418274,0.12652350632855272,0.05873195469587486]"
130,PHP-非常好用的文件操作类,"[-0.10402771061316678,0.39289130626508084,0.030644956474475057,0.2208151676409447,0.16674008458884063]"
132,屏幕取色工具,"[-0.03461479147451676,-0.11747060567987236,0.12060379203070294,-0.06795147611674937,0.01921037118881941]"
134,网上选课系统-进度,"[-0.0690170903276349,-0.14690465925558524,0.15270996494049197,-0.10803257619772143,0.002218167017347616]"
136,php实现当前用户在线人数,"[-0.13391497681935338,0.24498079240127185,0.12895513305489276,-0.04058131880159382,0.07270644579846196]"
138,获取服务器传来的数据-必须用JS去空格,"[-0.14105436299956337,-0.0953967650757008,0.2762403267570147,0.027661864919415146,0.07478190557167087]"
142,mysql-修改root密码的方法,"[-0.008419386355296498,0.21039187463541184,0.10267801992144555,0.02706944754707717,-0.03382687907545797]"
144,PHP验证码-类,"[-0.17527418241620113,0.43476082674478317,-0.1386600315078677,0.14207244562866528,-0.09221238051123379]"
146,Fckeditor-动态增减按钮的方法,"[-0.08903753268963623,-0.016937169651673346,0.12470206425576988,0.05857156180368124,0.01191175726018156]"
149,phpexcel-自己写的几个非常好用的函数,"[-0.09461515322604244,0.6560661635467654,-0.35937508249408706,0.5271838684428004,-0.2540019781404811]"
151,PHP操作EXCEL相关,"[-0.24536344524002673,0.7207653172717828,-0.4215332304494239,0.6175608740929546,-0.36182532727021843]"
153,Apache禁止目录访问方法介绍,"[0.06874190799312711,-0.019923389491784137,0.2617514536126482,-0.10709566494063814,0.0991855841899237]"
155,php函数-计算两个日期相差多少天,"[-0.009380048083394397,0.2367657981870443,-0.047078605068640575,0.18889634967724114,0.1273919170072739]"
157,毕业设计出现的一个严重错误----文件不能相互引用,"[-0.10525723793343592,-0.2087769640549537,0.25843104686568025,-0.06518400668777447,0.03751576685106322]"
159,PHP从checkbox取值,"[-0.11372557516472462,0.2526152962579941,0.20032702659805998,0.19714321002053717,0.05806277755600137]"
161,PHP-浏览器参数防注入检测函数,"[-0.07318845474057728,0.18160951934340927,0.23684768826804228,0.12431284592797359,0.10990112775729763]"
179,筛选出来的常用jQuery幻灯片插件,"[-0.02264228583602556,-0.06690586874282908,0.08307582757906752,-0.08493820940955253,-0.09159545513437312]"
191,jQuery圆角工具jQuery Corner,"[0.02844697441799905,-0.06123060682280497,0.011418233900754289,-0.12886681492355737,-0.04129490527239713]"
195,非常好用的一款磁盘管理工具Acronis Disk Director Suite,"[-0.03125391220479893,-0.11038553374560756,0.06382231617398146,-0.12903708886976042,-0.08367236747613384]"
198,ubuntu官方live cd和dvd下载地址,"[0.12433258393922678,0.11604816276723376,0.09797612405740298,-0.5235996085863848,-0.06501113365475948]"
204,"推荐一个可以用u盘安装fedora,ubuntu等Linux的工具","[0.06972342754791801,-0.07405463564727041,0.22849207143816683,-0.34685601407868993,-0.018111497189642653]"
206,对自己将来的一些思考,"[-0.07501363121027257,-0.19632398894294922,0.15388929608026194,-0.09556243566763696,-0.07794037334171536]"
210,使用DEDE的全国地区分类导入到其它CMS,"[-0.07669223149138156,0.25301484529878576,0.19525319843224304,0.1091060652443226,0.033485569160285535]"
215,17个非常有用的PHP类和库,"[0.018956582385265052,-0.08424544552132311,0.19402164657779483,-0.20195829176572688,0.01462348479764525]"
219,navicat-MySQL前台管理工具利器,"[-0.05432239183455676,-0.1396183683896604,0.24063384749479896,-0.15528400486706176,-0.017997098523731596]"
224,9个高质量图标的最佳搜索引擎,"[-0.15022104297205807,-0.09573177361488343,0.14742310226708652,-0.07778987452667206,-0.0521914245900698]"
234,C++标准库string类型学习笔记,"[-0.13503111047735114,-0.0903241503474057,0.24218493938070734,0.230481605207668,0.02440513422323474]"
236,C++数组类型学习笔记,"[-0.19317751539724498,-0.19911704099676744,0.3582955920654866,0.10575247122431863,0.10327935209109758]"
245,数据采集利器-PHP用DOM方式处理HTML之《Simple HTML DOM》,"[0.0076797367396147535,0.09456505915031407,0.09244087475031662,-0.16752307936786467,0.018620522264213225]"
251,"c++字符集之间转换(UTF-8,UNICODE,Gb2312)","[-0.19298894792639962,0.05453908881560589,0.0880619060523006,0.4691277095782829,-0.22146522191792933]"
254,C++实现字符串与数字的连接,"[-0.08791932493325447,0.014201880934146736,0.19856222402713786,0.17205983754452114,0.033004549864147394]"
259,win7下快速硬盘安装ghost xp的方法,"[-0.05243311997037381,-0.17884135485898392,0.2519989648765962,-0.1499895469266145,0.052914643148445364]"
381,C++ Primer 4th：第九章 《顺序容器》学习心得,"[-0.5436779077374019,-0.21877606058467966,0.31351736439842787,0.3236385696436198,0.16721579160237818]"
391,在GATE工具中使用自己的XSD模式进行语义标注,"[-0.027558025439089584,-0.15323576158693722,0.22541512496949684,-0.190523011576865,-0.003503907658159733]"
402,玩大灾变出现“igxprd32显示驱动程序已经停止正常工作”解决方法,"[-0.08648679945617914,-0.14016358950175345,0.20841995660215618,-0.028881603381596507,0.0224158569611609]"
408,QT-creater一个非常棒的教程,"[-0.02947458508424461,-0.14375605879396927,0.19227201329180743,-0.29677798694408525,-0.057498597903404294]"
410,让QT支持中文的方法,"[-0.018045808010113736,-0.10953845113981515,0.2614194970888396,0.04141596604604274,0.020520026644226162]"
414,Linux下GCC和Makefile实例（从GCC的编译到Makefile的引入）,"[-0.005078617832152105,-0.20079285352960274,0.32596216761593816,-0.06791876968531775,0.08475538638424174]"
444,[转]office - word2010每次打开弹出配置框解决方法,"[-0.05614281186523537,-0.056260831890006864,0.15797578682502111,-0.10261270123844346,0.09273888799517106]"
449,[C++]win32输出当前系统时间函数，可用以程序计时,"[-0.10517542254334936,0.05065928043525976,0.14799297350691631,0.2106439821945969,0.0057783256003555526]"
454,[PHP]发送邮件方法介绍和代码示例,"[-0.042959102627084876,0.06729069055546585,0.17213348363639272,-0.1182936019497594,0.031345393872056974]"
466,[网址]在线转换编码-BASE64_URLENCODE等,"[0.014040498349529047,0.05286702742943397,0.06142867499819169,-0.23768776339980274,-0.049568278643374264]"
471,[站长]推荐一个网页分享按钮条插件JiaThis,"[-0.008180347420275211,-0.1412383202587565,0.15222906907399497,-0.27510003399103883,-0.051389386231700585]"
478,c/c++批量向mysql插入数据,"[-0.0673775363922713,0.14237504287123465,0.19657865442349104,0.155074543550786,-0.01463588836359913]"
480,mysql用命令行链接远程主机的方法,"[-0.012165859844045418,-0.0384547230328041,0.32720319980657414,-0.10346568712817603,0.06806477958238438]"
483,phpmyadmin远程连接mysql数据库的方法,"[-0.13668318661562737,-0.025063125416636464,0.31303452499192747,-0.11127742916544518,0.09376077400407419]"
485,被深深鄙视的2012找暑期实习，哥很伤心,"[-0.08061784367333641,-0.16406189720859105,0.1505571818789966,-0.09438441896321707,-0.08010969143978566]"
491,程序员找工作网啊站-计算机专业学生必看,"[-0.06242689903454101,-0.1887627091944321,0.191690836938852,-0.16427872265644725,-0.06606192453413284]"
495,WIN7下硬盘安装Ubuntu 11.10系统成功,"[0.018184318320026597,0.006114553428760925,0.24745341255775088,-0.259217055248568,0.04988469209602493]"
499,Dedecms备份还原网站有效方法,"[-0.06359166976854427,-0.07333200229306612,0.2092896618730159,-0.18896761696740258,0.1075557942911074]"
502,按大小拆分超大文件的方法（本文测试了一个62G的文件）,"[-0.001860921687257961,-0.1213465257016711,0.2599953962605416,-0.03948850229513362,0.06571646523758122]"
505,win7系统笔记本设置成虚拟WiFi热点（即“无线路由器”）,"[-0.07948496537475629,-0.07080059491896203,0.21326237786001057,-0.0639074743660587,-0.00036164318234134545]"
512,Adobe Dreamweaver CS6官方简体中文版安装+破解过程,"[0.008329854249173114,-0.07502869154446788,0.20854694629914217,-0.3319929120581477,0.02073933844935269]"
515,看完这20部电影相当于学了经济学（投资理财必看电影）,"[-0.12071787825339682,-0.11420227911838257,0.13255301133414799,-0.06229204170670527,-0.09765941309850446]"
540,C++拆分字符串代码（实现split）,"[-0.3375572318656613,0.12969260689620252,0.13928638531462006,0.49464110214182216,0.0574685142537498]"
545,[C++]数据结构之堆-上滤下滤以及用于排序,"[-0.32280575367183956,-0.02100504881712378,0.07508162954717033,0.4962401677729495,-0.038949582345222916]"
548,有句话说的非常好,"[-0.10741404081168382,-0.17997581351386466,0.17078845416317168,-0.1331185102751276,-0.09703176539371033]"
576,PHP操作符可变变量测试变量等总结,"[-0.13329610049683657,0.019557909354860195,0.26333737718288636,0.11317957717927327,0.12268862001425507]"
581,PHP对文件的操作总结,"[-0.06819434952034789,-0.05160570824637117,0.26306349266668655,0.08000286800927142,0.07909965757474965]"
591,PHP数组使用、特性、函数的总结,"[-0.23970700892326952,0.05371251864954061,0.29527463275728,0.18630070751292882,0.1500804142995867]"
600,PHP字符串函数、知识要点总结,"[-0.20112832976514794,0.04777397745709004,0.19392963920625642,0.22672832974385732,0.0706320793150095]"
604,Windows Live Writer快捷方式（打开服务器文档等）,"[-0.3655836682351086,-0.060649639781644595,0.29977043471749754,-0.2869009721137944,-0.010986237323552531]"
611,Redis详细完整教程-windows下的安装、测试(php+redis+mysql),"[-0.05277178483699415,0.07946107706741588,0.2814290459835569,-0.16751641549154084,0.07833215689958649]"
629,Redis+Mysql模式和内存+硬盘模式的异同,"[-0.10354483721483335,-0.17018468760401376,0.3114049961983327,-0.10616477866549794,0.04484424805402751]"
636,PHP100视频教程2012版解压密码,"[-0.04863274377975159,-0.005272058713272578,0.12202123968248688,-0.10100693857615314,-0.05813943251694848]"
639,"windows下PHP环境（apache,PHP,Mysql）详细配置方法","[-0.014445533922619441,-0.019808119387281213,0.38003798872063105,-0.19230488146062602,0.07920814697038044]"
647,新浪微博的mid转换成base62格式的PHP函数,"[-0.2598795754516275,0.23781954497928345,0.06987754237641398,0.3368506029274305,-0.02838669570030185]"
655,情理之中又意料之外的超强减肥方法,"[-0.10985085563479405,-0.1455421648313798,0.08446112588312658,-0.09577102780817671,-0.12106097497521563]"
658,个人博客SEO第一步-提交自己的网站,"[-0.009535641082417156,-0.022956362252548938,0.1169402609886117,-0.30148577963868745,-0.062429991138915966]"
675,数据采集必备知识-php计划任务的实现,"[-0.08334561637003933,-0.038793055222372703,0.2970884536826662,-0.043747270432562706,0.10023426267499931]"
678,MySQL-python Windows下EXE安装文件下载,"[0.06584214941214989,-0.07273899239542729,0.33479265635285305,-0.26755226934876514,0.0416166883893311]"
686,Python操作Mysql实例代码教程（查询手册）,"[-0.03855212586329861,0.1201578562700616,0.2745106685904835,-0.1148718562781538,0.04881782914615944]"
700,数据采集技术之在Python中Libxml模块安装与使用XPath,"[0.007774751919520954,0.05576102636217033,0.19613197845735805,-0.16569199751302674,0.021298624733254425]"
707,数据采集简单示例：采集爱帮网电话号码,"[0.012828716257631425,0.032586207336169626,0.1821956735448025,-0.12628872907232672,0.05575809023187807]"
712,Python中的操作符重载,"[0.05084754470125994,0.328146189363629,0.3510892591178639,0.20717071353823746,0.12094215022571873]"
717,PHP魔法方法之__sleep()方法和__wakeup()方法,"[-0.036830445930261066,0.2386010257862844,0.36940344368854355,0.07289221576154903,0.08949760686404802]"
722,Python知识之什么是*args和**kwargs？,"[-0.17225509082267354,0.11246034489128708,0.3020878448728318,0.26114412344037746,0.167641415547441]"
724,Python关于apply的知识,"[-0.12470357047198845,-0.059272404964635705,0.25796224015790065,0.035570154952929936,0.09943552061638518]"
731,PHP数据采集之使用CURL、DOMDocument和DOMXPath,"[-0.10284305245055064,0.1030195047341422,0.044195252380068356,-0.07912779954573924,0.05659091666370327]"
734,php判断远程文件或网站是否能打开,"[0.0043434616497624945,0.23941693346514129,-0.06893203928827496,0.007560024822969271,0.022348527586948566]"
740,2012年度PHP最佳类库收集,"[-0.06026787552893018,-0.1786971686145243,0.2727486077015503,-0.11334282993070352,0.005662173424095202]"
747,python在linux下安装方法（解决旧版本冲突）,"[0.03549089453930796,-0.015341171635721457,0.14849002114956228,-0.10638475530898907,0.005398165510022934]"
749,eclipse远程发布代码的方法（SSH自动同步）,"[0.03399675470019612,-0.03914048520099615,0.2297023655672636,-0.2754059689659103,0.08381844205982007]"
754,Ubuntu 安装 PostgreSQL 和 python-psycopg2基础教程（以及错误解决）,"[-0.06940416269973261,0.19544040965128376,0.2640695148373205,-0.11236154492651247,0.06519246647516375]"
756,putty连接linux出现中文乱码的解决方法,"[-0.10101932752877474,-0.1361602069967884,0.28533067958729375,-0.10298583259553475,0.06861112494084795]"
781,重装Win7后恢复和找回Ubuntu启动项,"[-0.029272909172800527,-0.09229835543095635,0.25675844415284305,-0.19220752635422678,0.02121637762937735]"
790,《SEO实战密码》高清电子版PDF下载地址（SEO学习必备）,"[-0.025520387183860294,-0.03981633481453173,0.1387067605392076,-0.2707894137565745,-0.0953875933191739]"
796,Python使用cookielib和urllib2模拟登陆新浪微博并抓取数据,"[-0.0828842955698028,0.13527810008393704,0.20689241715358453,-0.0688427832084252,0.04103722139908867]"
808,珠玑：在仔细研究数据的基础上得出程序的结构,"[-0.07629318917828772,-0.19184857779794717,0.2597080770503373,-0.015558406825648598,0.05420396432458642]"
811,"django1.4设置模板路径和CSS,JS,image等路径的方法","[-0.0807978297717613,0.044494264998552406,0.24061322030667895,-0.04634366135833114,0.13618559442716935]"
814,Django中定制自己的User和Group管理模块（类似对admin的二次开发）,"[-0.08730845097697487,-0.14275230209980355,0.3106462666299194,-0.13765584676722553,0.02736702890956382]"
818,Python模拟登陆新浪微博并实现投票功能,"[-0.06757123721435047,0.12762297839940842,0.1894671038817906,-0.08119091676616731,0.034718281419387195]"
821,PHP远程操纵Wordpress的方法(流程剖析）,"[-0.12378999336696075,0.6422632427930884,0.06863176936777027,-0.2629385343109123,-0.08018390041066699]"
855,使用Google搭建自己的SVN或Git或Mercurial代码服务器之完美教程,"[-0.025416031708856198,-0.1544026551920582,0.28482397971166806,-0.20842302963137627,0.01629329378293319]"
874,2012年度读写Excel文件的最佳PHP类库收集,"[0.007723310674106683,-0.1696611161691869,0.2923827389237082,-0.09549383635876262,0.06719456808935416]"
886,PHP读写Word文件的最佳类库收集,"[-0.09526177848333885,-0.1862233478796521,0.2490687678157548,-0.14622390646170394,0.1227515526452886]"
897,国外10个非常有趣的PHP博客,"[-0.10505389558475757,-0.08217284006977014,0.19836711078317146,-0.18163840295720762,-0.02965747084572592]"
912,PHP的验证码实现（w3schools推荐）,"[-0.26171656049302466,0.3304813331958936,-0.04168533233248375,0.18782482885086912,-0.07573730463390144]"
914,程序员做开发，前台、后台、测试哪个累？,"[-0.09604364004917443,-0.1664521042839624,0.1918756307568401,-0.1192922038026154,0.029099853411025833]"
920,PHP创建和解析JSON数据的方法,"[-0.0923277629796796,-0.11400335824812277,0.32121121729674923,-0.018644288007635623,-0.02904274076318473]"
930,PHP和MySQL处理树状、分级、无限分类、分层数据的方法,"[-0.19030674524622668,0.06581761242967282,0.2854807223999756,0.09778736066987306,0.10467215125798446]"
955,Ubuntu10.10 Server+Nginx+Django+Postgresql安装步骤,"[0.34981386061664155,0.5026579075114891,0.24356988982808248,-0.639153177319421,0.11166866588784508]"
970,PHP开发者最好的学习资源收集,"[0.017982922799590618,-0.05702080388716554,0.2385080719010189,-0.2762921145659382,-0.031651773367676946]"
1001,对Django框架架构和Request/Response处理流程的分析,"[-0.12004282646103032,-0.18535397939677178,0.4253120073049113,-0.051970017422500195,0.1533928061821161]"
1005,Django关于站点管理Admin Site的常见问题解决方法,"[-0.10249382662929443,0.017532856133281406,0.22925217029235984,-0.05373140678492897,0.0814726592517824]"
1014,使用PHP连接、操纵Memcached的原理和教程,"[-0.06474305046598117,0.04648786678351462,0.27468242308000723,-0.09498027246755858,0.047605134821807345]"
1022,PHP对数组的高级遍历和操作处理方法,"[-0.14348191130372095,0.07406039887988694,0.24621803104848594,0.21186664161252494,0.05810646500507038]"
1030,2012年百度、腾讯、微软、奇虎360、人人、去哪网找工作经历总结,"[-0.07083897085982409,-0.22222400226834765,0.16509111368294363,-0.14258655082645508,-0.08299837190494737]"
1036,Django基本命令最全收集,"[-0.03347482591685788,-0.10574736888776279,0.3401280797270874,-0.20386221333007729,0.12070580839005474]"
1044,织梦DEDECMS简洁蓝色模板免费下载（资讯文章类）,"[-0.020740080341291163,-0.1364440375661117,0.22046610225187313,-0.2949212047181302,0.06387745545456006]"
1055,WIN7使用VisualSVN建立SVN服务器,"[-0.03701344101635878,-0.09214413914760221,0.2685768341519883,-0.2229081024505588,0.054208931139511245]"
1057,Magento获取指定分类下的所有子分类信息,"[-0.19660731028172096,-0.04048360348303592,0.2965411278719623,0.09477131463298123,0.11101908245050693]"
1061,MySQL数据库存储过程教程,"[-0.09690238017984769,-0.23365769812158974,0.422111167584884,-0.013478700805586122,0.0355329405332818]"
1064,给计算机专业求职的同学推荐几本书,"[-0.10886556999138121,-0.22435419391271183,0.1804425731560311,-0.13902052467950224,-0.06035663784802356]"
1066,读《疯狂的站长》- 回顾反思我的个人站长路,"[-0.11092581060058626,-0.15501855024071307,0.16291703316520528,-0.107629170375395,-0.09124618306016288]"
1072,JSP使用JNA调用DLL函数遇到的几个问题,"[0.028204927699803616,-0.15257112475198492,0.3440262988130514,-0.09212577499292632,0.08218600101452128]"
1088,MathType(数学公式编辑器) 汉化绿色版V6.7下载,"[-0.04627587159274746,-0.15472295521732188,0.20678769421926832,-0.14187843502778033,0.01971095678328121]"
1094,Rational Rose根据Java代码自动生成类图（教程和错误解决）,"[0.038348319870419804,-0.1510445227730088,0.23627172382548453,-0.09280074595939368,0.052678897846490144]"
1112,Hadoop之使用python实现数据集合间join操作,"[0.08496310378662264,-0.09346171262706307,0.23603238448141015,0.05416453005930427,0.14431533050973494]"
1122,Hadoop-Streaming实战经验及问题解决方法总结,"[-0.0037355514550300923,-0.19150187463315335,0.3273472687022533,0.03593140064942164,0.1481013707333768]"
1129,MYSQL向数据表插入默认字段值的方法,"[-0.07631148926788946,0.07215790086247896,0.14739247171841469,0.15736190862947885,0.03707016426370833]"
1144,hadoop第一个程序WordCount.java的编译运行过程,"[0.6324095905810754,-0.12331952236068164,-0.5809010008205601,-0.011166585593622862,0.8508483420706743]"
1185,为eclipse安装python、shell开发环境和SVN插件,"[0.15849257405558878,-0.12423242595097726,0.26808178234400587,-0.32273974745657147,0.04449457069395564]"
1193,Hive元数据存于mysql中文乱码解决,"[0.6092719725135426,-0.01991830382239087,0.04967085574002516,-0.08223763472499913,-0.15399806380055353]"
1197,hive从查询中获取数据插入到表或动态分区,"[-0.05013916534574833,-0.08919757220602191,0.3451260295103119,-0.006635749570208192,0.10480332433649187]"
1203,Hive开发中使用变量的两种方法,"[0.1421944131137103,0.011974378696637067,0.15696534257253522,0.043250484096023244,0.17730877404742554]"
1209,shell/hadoop/hive一些有用命令收集,"[0.07244205670498258,0.05145499944559586,0.16427446102022195,-0.06966374850914561,0.11268312380675949]"
1214,网站从织梦DEDECMS迁移到Wordpress过程以及URL重定向方法,"[0.09914137588255266,-0.026470641655801538,0.031431543415280955,-0.44625399940977145,-0.09597201933020041]"
1216,Python生成文件md5校验值函数,"[0.10935082128304961,0.08163507992532373,0.14368794832325024,-0.08020354913658188,0.1513980597863979]"
1292,Firefox数据采集插件大全,"[0.02845380143978215,-0.09765509644345555,0.24927126556592122,-0.19454978375073256,-0.013346258593663942]"
1297,wordpress按层级方式显示分类链接的方法,"[-0.06260259656769052,0.15222585256419424,0.16902406167722694,-0.06496427080806488,0.06730809384387311]"
1303,python子类调用父类的方法,"[-0.002692974299947753,0.02459896645347375,0.38645172254439064,0.12343520273804649,0.0848231035193949]"
1309,Python封装的常用日期函数,"[0.05669443834066072,0.09687097596477387,-0.04458137849254665,0.2255835569556589,0.14136002370938147]"
1319,python执行shell的两种方法,"[0.05786115069778703,0.0058327940810271655,0.2503123200582225,0.013252571724501462,0.1189877604167734]"
1321,Python访问MySQL封装的常用类,"[0.04632085349389114,0.5137694459603449,0.3810825134389276,-0.0032571469888437623,0.0952200458033097]"
1326,[织梦DEDE迁移]读取织梦MySQL生成所有文章链接,"[-0.02028035728645652,0.3000282393392896,0.19178133818411058,0.019460068782213753,0.10604589803851494]"
1337,mysql根据A表更新B表的方法,"[-0.011842021969071515,0.13423200240107003,0.17121048046880075,0.007622796451874279,0.1067864538648644]"
1345,MySQL一条语句更新多个表的方法,"[-0.039474051411014906,0.31900793084909457,0.16249400048852197,0.02013286978284024,0.11787649199817768]"
1355,MySQL数据导入导出实例教程手册,"[0.0364798264749836,0.19675118404307537,0.17478720292814875,-0.1461357312592944,0.1697556343866468]"
1372,chrome自动刷新网页插件：Auto Refresh Plus,"[-0.004467991013627718,-0.16691840959931997,0.19122100425336291,-0.18234064844163025,0.04824709770653177]"
1390,Python内置函数map、reduce、filter在文本处理中的应用,"[-0.01713344227726555,0.2755611213677356,-0.04302718168385697,0.24877183495051713,0.08512207164276604]"
1397,Python批量重命名文件的方法,"[0.022435948446092348,0.3637854648556003,-0.11010330162784744,0.10471813744172366,0.011779644834079346]"
1404,HIVE的几个使用技巧,"[0.04315002461591766,-0.08432020349247968,0.16552558225111325,-0.04323252571508088,0.08780893540969478]"
1409,[转]Hive中对group结果分组取limit N值的实现,"[-0.013014857996306662,0.1396763446877071,0.15366746024024772,0.13124696561510885,0.11253433806070906]"
1413,《大数据时代》是一部科幻小说,"[-0.07368966093672094,-0.20095390756762102,0.1730437114517088,-0.11360083533456128,-0.04483018289296187]"
1423,MapReduce文件切分个数计算方法,"[0.023450711894901874,-0.16795470417912484,0.22079042902054347,0.0028741340719811294,0.11108074363817097]"
1426,Java使用lombok自动生成getter和setter方法,"[0.1505518185569801,-0.16035023554124764,0.11621523829590942,-0.17850509750294602,-0.0330028029727853]"
1428,MySQL 查看数据库中每个表占用的空间大小,"[0.041442945654745454,0.24259038496486568,0.06702274512154636,0.09590463154017925,0.0516295376992612]"
1437,Hive使用TRANSFORM运行Python脚本总结,"[0.0032220244245490613,-0.10775267945293086,0.26938319783628034,-0.006549872302326757,0.1002733060852446]"
1440,把HIVE程序优化30倍的经验,"[0.01851963795173182,-0.1719178416791794,0.27284613881416825,-0.055138399828852054,0.08910873117579242]"
1451,向Hive程序传递变量的三种方法,"[0.18255036721647075,-0.11826445664968584,0.35500586295331066,0.023043686188545756,0.2694018896257916]"
1456,Hive中Order by和Sort by的区别是什么?,"[-0.06894593358054639,-0.0667135137417871,0.35436872724214535,0.014700289272392789,0.13936302244699272]"
1459,从产品和技术的对比想到的,"[-0.08590523761696332,-0.23639513707357215,0.1504850147601417,-0.17674400837507548,-0.06278908529944699]"
1465,将网站的创意变成钱的过程,"[-0.09328208951095604,-0.1557411338719187,0.16981497648545782,-0.16980566333259353,-0.013346847219142217]"
1470,Hive的left join、left outer join和left semi join三者的区别,"[0.040811496633470466,0.2862753264212082,0.16930484985810879,0.12875665379566315,0.15590644010131485]"
1587,MySQL执行Select语句将结果导出到文件的方法,"[0.06438519399823238,-0.03850130271166563,0.3499113867366655,-0.04924226998624326,0.12817304034800478]"
1600,Hive取非Group by字段数据的方法,"[0.03529170175992646,0.00732768609643329,0.2207012353562425,0.05514868409372866,0.1362789880779442]"
1607,将普通Maven Spring项目转换成Web项目的方法,"[0.3264745510691269,0.02188276832271624,0.06544996337251886,-0.17186312447622748,-0.05802449677588505]"
1625,Hive开发经验问答式总结,"[0.056493159987784355,-0.10782460643081603,0.29105896293486294,-0.00043345826439635627,0.11162652267814398]"
1664,Python操作MySQL视频教程,"[0.03885422229800854,-0.059937532023223265,0.29766094911152896,-0.2406616601877155,0.026429409555910322]"
1689,Java枚举类型代码的二逼写法和艺术写法,"[0.024146687401225792,-0.0142931691207923,0.14289337390381843,0.07836753089900594,0.06161888286098838]"
1697,《超体》中的哲学,"[-0.07601728044914452,-0.133401947213898,0.11626416828575878,-0.1105755844044511,-0.05528738236768195]"
1703,Java怎样创建两个KEY（key-pair）的MAP,"[-0.0025111555552416263,-0.048319794358813194,0.14690608623842646,0.07259178706141801,-0.01456531724535337]"
1707,Python使用list字段模式或者dict字段模式读取文件的方法,"[-0.015060070914031875,0.03953876099571729,0.19798203330747963,0.1482701901079871,0.11311964487436493]"
1712,做设计就像创世界,"[-0.08714408534605513,-0.24223463888415414,0.23070212825336772,-0.077756829312379,-0.00858076224952639]"
1722,《Spring in action》3rd中SpringPizza项目的运行方法,"[0.5244201985606249,0.21883589227724334,-0.06654356034688544,-0.26288578130871704,-0.17748526823706925]"
1735,读书破万卷，代码如有神,"[0.016389928048294856,-0.18354009101589175,0.13822861243354137,-0.09353553436255206,-0.06559697139719403]"
1741,数据库并发控制机制的理解,"[-0.07414213884291211,-0.2464560821938973,0.35663988097355914,-0.0926612007608031,0.029075210046756065]"
1763,有了事务为什么还需要乐观锁和悲观锁,"[-0.08447029661725869,-0.2485251882550956,0.32318114131369224,-0.09436123597793131,0.022971431047989602]"
1777,《解忧杂货店》- 解答心中已经有结论的疑问,"[-0.07907312539823402,-0.18482697047232713,0.15358637362664154,-0.11222229565058339,-0.05618210796073273]"
1782,Java怎样单测void类型的方法？,"[0.0026322921029173214,-0.02465849288964495,0.10689307081385983,0.1356579467665628,-0.05593103723661305]"
1784,使用javap命令或者eclipse的Bytecode visualizer插件阅读java字节码文件,"[0.06506310773148322,-0.11974263596290012,0.23413424317385984,0.02149031980734739,0.009857312218913472]"
1789,Python中文转拼音代码(支持全拼和首字母缩写),"[0.062277222334984894,0.2501948478255075,0.12254557802082329,0.2455508718018985,0.10180154508469585]"
1810,Java堆溢出OutOfMemoryError之代码实例和原因分析,"[0.09103174440875259,-0.05087510493177309,0.10910112260761759,-0.0028362428750485095,-0.0324813138116672]"
1835,想要加悲观锁可是数据行还不存在怎么办？,"[-0.0757604281637876,0.10237347623674063,0.17543507599310773,0.0640257610436464,0.05534946660264574]"
1858,通过JVM堆栈分析出现大量线程的原因,"[0.37259457854176364,-0.1358404384286117,0.12460784340686087,-0.0066361610193546835,-0.05773485552986394]"
1861,Java线程死亡的几种情况,"[0.08838044036402251,-0.24876265539471454,0.2834172141214776,0.20755120183382644,0.28624443326197757]"
1886,将Maven工程打包成可执行JAR包的方法,"[0.8253287449733434,0.10787603330207456,-0.07018205751379142,-0.09628590272152471,-0.22019824004123906]"
1890,Python使用unittest实现简单的单元测试实例,"[-0.019604098591286586,0.12071363360423339,0.17312040410893006,0.04342768831616816,0.03415584756487795]"
1895,Bash Shell怎样检查文件是否存在？,"[0.024977799143364773,0.45525113711456305,-0.011558084721793066,0.14411817106423974,0.1417321425057257]"
1898,使用PHPUnit编写PHP单元测试的方法,"[0.01709559741634222,-0.009697893762699606,0.17399347831184667,-0.11858556169624392,0.07034168172415281]"
1901,MySQL导入导出数据时遇到Tab符号和换行符号怎么办？,"[-0.012182123223820625,0.11274014144225909,0.22226617132425242,0.05022316703218079,0.06927307175716296]"
1922,数据处理中提升性能的方法-引入并发但是避免同步,"[0.04642674665826622,-0.13367798458304558,0.23911358436001712,0.011596417621530365,0.1421070576077957]"
1931,Log4j将不同Package的日志输出到不同的文件的方法,"[0.21304627890289973,0.00518620722661061,0.05736007467957632,-0.15757615667606267,0.11356436744669682]"
1946,MAC环境堪比Visio的画图神器,"[0.04043712674312773,-0.008235290950846554,0.012950561350525016,-0.15056744511100917,-0.0456272740571732]"
1957,工程师的月亮和六便士,"[-0.05359297420513124,-0.1250956489139388,0.08122099733376144,-0.05502842005720844,-0.06049072602490147]"
1961,MAC挂载NTFS移动硬盘进行读写操作,"[-0.004115624774396879,-0.13861491745855245,0.25124794742621387,-0.1143219762964657,0.07100440291141699]"
1964,"Stay hungry, Stay foolish","[-0.05476784127333886,-0.11320762455744562,0.04922861738305073,-0.13434467162005603,-0.06269317206856355]"
1973,如此重要但是经常被忽视的代码架构！,"[-0.04445679279666351,-0.23881408091612938,0.27095498154829817,-0.15473623261279085,-0.001473614716548185]"
1980,Tomcat内存分析相关方法(jmap和mat),"[0.07827619042813325,-0.03776157887078281,0.03769950575099949,-0.06538915617085048,-0.04414583906911946]"
2012,打工者心态、主人公意识、个人公司品牌,"[-0.11775290336878544,-0.23889768035631678,0.20001367990337654,-0.11220973335247095,-0.124395424746182]"
2022,Mybatis源码解读-设计模式总结,"[0.0046454103593551715,-0.12511728262049995,0.20861194587442128,0.056676577152608196,0.0023142114648810374]"
2076,怎样借助Python爬虫给宝宝起个好名字,"[0.015075996701402757,-0.0013231515224919473,0.12132608909206004,0.010154180067918716,-0.015237399968581086]"
2089,Mybatis源码解读-初始化过程详解,"[0.09660621907334507,0.007791951573097765,0.11121191456210988,0.14999217469920298,-0.08646347248195237]"
2120,Zookeeper并不保证读取的是最新数据,"[-0.08432016467116377,-0.19311034736426502,0.2505455572276504,-0.10636773163666173,0.05176920185271556]"
2124,Java线程池ThreadPoolExecutor详解,"[0.004189684359261794,-0.2598282197929556,0.2955475170936906,-0.001970942447562017,0.09102113851411366]"
2145,快速找到Tomcat中最耗CPU的线程,"[0.6117745030735071,-0.04184297253813415,-0.18638666766420217,0.09154250223264081,0.11602358508705662]"
2150,Python高级编程技巧,"[0.057353839175802605,0.21093341439412983,-0.058751366762028835,0.20882280043606094,0.011446511849330557]"
2160,Hive实现返回MAP的UDF,"[0.2735562329943397,0.13401988672518486,-0.03393549947290596,0.1657152694138244,-0.07110557721334958]"
2167,使用Kmeans对Word2vec的输出做聚类,"[0.027962352256888253,0.08938258183020649,0.05923135284387959,0.06290225339132077,0.053408639848526104]"
2177,使用PaddlePaddle搭建卷积网络做文本数据分类,"[0.04543296127608987,0.09650947296267846,0.006225821505839009,0.1430109922182234,0.04656118508994036]"
2194,读书笔记 - 数据驱动从方法到实践,"[-0.09625081638536509,-0.21525068222240626,0.2061132126032515,-0.09638153560224717,-0.012079353146129927]"
2231,Spark数据倾斜解决方法,"[-0.05320607321605148,-0.1467322338441456,0.23897180086530656,-0.024582967482154633,0.06891989865035601]"
2261,PyCharm开发PySpark程序的配置和实例,"[0.06726485157824671,0.06848357637367868,0.1117304813868197,0.07080792044342327,0.07201006151180164]"
2273,CentOS自己编译安装Python3的命令,"[0.03064345820127307,0.05220224952948205,0.057005076285300625,-0.11742369497094203,0.0195465215003571]"
2283,Python3用scan和delete命令批量清理redis数据,"[-0.1501618755204057,0.09511692952224635,0.20227185350359606,0.18887816244890365,0.0981722827357436]"
2301,tensorflow怎样输入具有多个值的特征,"[-0.027806319191101162,0.014079206809401511,0.08129412093160984,0.03930844469141448,-0.018005135257650788]"
2303,Spark使用JAVA编写自定义函数修改DataFrame,"[0.054006033565125344,0.019323318817921147,0.1712774966557836,0.08525343544023074,0.029935333849701644]"
2324,推荐系统：爱奇艺知识推荐系统架构,"[-0.06347284345576865,-0.1566809445451329,0.2481587967247662,-0.12074093595885467,0.03061776181964948]"
2336,我为什么从工程转了算法？,"[-0.04433412661112599,-0.22964422899018683,0.1884271092963648,-0.1313868314884656,-0.07760972416437664]"
2343,Flask怎样从其他Python文件导入app.route视图函数,"[0.039481265004724264,-0.023656698401345936,0.16782739667931224,-0.05440634018118862,0.07467679498611603]"
2351,推荐系统：怎样实现内容相似推荐,"[-0.04847298199987501,-0.21143382041989706,0.3193163096005272,-0.11701757388983447,0.011050432669814739]"
2367,Java和Python使用Grpc访问Tensorflow的Serving代码,"[0.1681970318021526,0.11192182056753244,0.00417827752279777,-0.004623146016304135,-0.06060324162219326]"
2404,听樊登的《非暴力沟通》,"[-0.07854813748896264,-0.13525555574887577,0.15221172853589002,-0.07116072233447614,-0.04482015630782727]"
2419,Flask使用Pyecharts在单个页面展示多个图表,"[-0.0034710812685519177,-0.09886404122775069,0.20597508864912187,-0.05814011227394419,0.02648773240062786]"
2434,Pandas中对轴axis=0和axis=1的理解,"[-0.06610458919567463,-0.17175032308659866,0.22808641225674364,-0.047780126928955724,0.01869452812434247]"
2447,Spark使用word2vec训练item2vec实现内容相关推荐,"[-0.016453368849463267,0.07089382673269623,0.10638420579858669,0.061511870225948506,0.028229324130507848]"
2454,推荐系统：实现文章相似推荐的简单实例,"[-0.01794703884345724,-0.011880938605366284,0.09699307830803658,0.0074267248749989336,0.032228970719580315]"
2469,Spark使用Java开发遇到的那些类型错误,"[0.049843206231164616,0.04233406788208537,0.06266723924400565,0.10276346370993637,0.054565141686895566]"
2499,Pandas系列-读取csv/excel/mysql数据,"[0.15639594690052463,-0.013099537643161146,-0.044468724415820164,-0.03973566690304627,0.1017965061033108]"
2502,Pandas系列-DataFrame和Series数据结构,"[0.15540598450447599,-0.009537599516895381,-0.05022177766693807,-0.038290640607516725,0.10260099782093092]"
2506,Pandas系列-查询数据的5种方法,"[0.20711871181493952,-0.08092171425701693,-0.2948239173705633,0.1563070209210783,0.07302129063596526]"
2515,Pandas怎样按条件删除行？,"[0.042198864638952435,0.3411252732070065,-0.1522792050481688,0.2029375376725128,-0.026181620876549887]"
2517,Pandas怎样根据码表更新ID对应的名称？,"[-0.1058965074470969,0.24799285246227243,0.14322198799154798,0.2076299692977403,0.06465307241935497]"
2521,Pandas系列 - 数据统计函数,"[0.1032307573602833,-0.054280699868206536,-0.15087768310459387,0.12386837109653769,-0.004080322981105398]"
2523,Pandas系列 - 怎样新增数据列？,"[0.12167574362728296,-0.022180620896633665,-0.1889416973811025,0.1792273362678305,0.0207453752353308]"
2525,3分钟Python爬取9000张表情包图片,"[0.08507580192391791,0.1697756644213293,-0.07978099631272965,-0.11436268711875038,-0.04566130691823902]"
2528,Pandas的SettingWithCopyWarning报警怎么回事？,"[0.13655685107228482,-0.009603714805150045,-0.17454061930323186,0.10247263034739544,0.023298808511005478]"
2532,Pandas对缺失值的处理,"[0.027717254448093864,-0.01995838543682016,-0.0013578028278425336,0.04123697830437634,-0.035521103926860774]"
2534,CTR预估：(标签-权重)列表类特征怎么输入到模型？,"[-0.10061877779993648,-0.16721038877637395,0.24337547745167223,-0.014418463957450747,0.07394454011890014]"
2536,Pandas怎样对数据进行排序？,"[0.13292555131040681,-0.0007486699757695797,-0.2059085865214637,0.1420002140734249,0.0682701810243846]"
2541,Pandas怎样处理字符串？,"[0.07243039051619525,0.11226186104751149,-0.027975981463370877,0.18730903631105283,0.026011227316338807]"
2546,Pandas的axis参数怎么理解？,"[-0.017223537861904566,-0.04415323105690248,0.09482564056896545,-0.009792838696430021,0.03540233515619122]"
2561,一个数据科学家的修炼路径,"[-0.01569420613254173,-0.15012302802569127,0.15856909073441278,-0.11597713342384447,-0.023851026271033703]"
2564,机器学习常用数据集大全,"[0.019070079680580977,0.22477253810447734,-0.05965245044875539,0.009991318549252608,-0.02195372037877236]"
2574,Pandas的Index索引有什么用途？,"[-0.012126188228376668,0.011209418222344409,0.05122893814605377,0.07741086486107279,-0.0022840839357555895]"
2583,Pandas实现数据的合并concat,"[-0.027420356630160975,0.03312663651073635,0.08632635869502094,0.050202340851130164,0.045219170021226905]"
2585,Tensorflow怎样接收变长列表特征,"[-0.04529992523708442,-0.11719848868675792,0.17510289047732389,-0.0021830364498988393,0.02525979354299006]"
2591,怎样使用Pandas批量拆分与合并Excel文件？,"[0.030943020001134795,0.07784645090527509,0.026652417178873136,0.016526627930529093,0.0839651931462931]"
2594,Pandas怎样实现对数据的分组统计？,"[0.06798970527275124,0.03034224968856336,-0.013516536626071335,0.11316073522480088,0.036234751344838216]"
2598,Pandas的分层索引MultiIndex怎样用？,"[0.08134105387548603,-0.06049900055738218,-0.17346954251290908,0.09810225003556207,0.021786193448826093]"
2602,怎样使用Pandas的map和apply函数？,"[0.04597944412648875,-0.080545378068988,-0.03869737899401394,0.028752101779947963,-0.028510572632355694]"
2604,Pandas怎样对每个分组应用apply函数?,"[0.03877640800172391,-0.05847978007422377,-0.011129943888701333,0.09514751559887492,0.030865857669973015]"
2615,推荐系统实现相似推荐的流程和资源,"[0.13923259727501622,-0.021408250524351996,0.08579556880221288,-0.21271890442456223,-0.05112719261734229]"
2623,文章写的好，但是没人看，原来标题可以这么写,"[-0.04974581612261651,-0.10177673066080377,0.14450109617360288,-0.10096316854056168,-0.01096440535576011]"
2629,自律使我自由,"[-0.06132254041041489,-0.1176889768836123,0.134226443618536,-0.030495657116019478,0.0026640503770775266]"
2637,程序员-颈椎病-该练八段锦,"[0.029371244832873344,0.03590860217809677,0.025557920802384615,-0.03836625814437866,-0.03145128465257585]"
